﻿Designator,Footprint,Quantity,Value,LCSC Part #
BR1,Diode_Bridge_Diotec_ABS,1,ABS10,
BR2,Diode_Bridge_Round_D9.0mm,1,B250R,
C1,1206,1,C,
C2,0805,1,C,
C3,0603,1,C,
C4,C_Rect_L16.5mm_W8.7mm_P15.00mm_MKT,1,10nF,
"C5, C6, C7",0603,3,100nF,
CY1,C_Disc_D8.0mm_W5.0mm_P7.50mm,1,102mF,
D1,D_SOD-123F,1,1N4007,
D2,D_SOD-123FL,1,FR107W,C18199114
D3,D_SMA,1,SS34,
"EC1, EC2",CP_Radial_D6.3mm_P2.50mm,2,4.7uF,
EC3,CP_Radial_D5.0mm_P2.50mm,1,270,
HS1,Heatsink_Fischer_SK104-STC-STIC_35x13mm_2xDrill2.5mm,1,Heatsink,
"J1, J2, J3",JT-Socket_1x4_P2.5mm_Vertical,3,~,
"J4, J5",TBG-5.0-KW-3P,2,~,
L1,L_Axial_L9.5mm_D4.0mm_P12.70mm_Horizontal_Fastron_SMCC,1,L,
L2,L_Axial_L7.0mm_D3.3mm_P12.70mm_Horizontal_Fastron_MICC,1,10mH,
L3,0805,1,L,
PN1,Part_Num_JLCPCB,1,~,
Q1,TO-220-3_Vertical,1,BTA16-600BW,
"R1, R2",1206,2,2M2Ω,
R10,0603,1,10Ω,
"R11, R12",R_Axial_DIN0207_L6.3mm_D2.5mm_P7.62mm_Horizontal,2,10kΩ,
"R13, R14",R_Axial_DIN0309_L9.0mm_D3.2mm_P12.70mm_Horizontal,2,47kΩ,
R15,R_Axial_DIN0309_L9.0mm_D3.2mm_P12.70mm_Horizontal,1,220Ω,
R16,R_Axial_DIN0207_L6.3mm_D2.5mm_P10.16mm_Horizontal,1,330Ω,
R17,R_Axial_DIN0614_L14.3mm_D5.7mm_P20.32mm_Horizontal,1,38Ω,
R3,1206,1,300kΩ,
R4,1206,1,200Ω,
R5,1206,1,4.7Ω,
R6,0603,1,29Ω,
R7,0603,1,2G3Ω,
R9,1206,1,1.4Ω,
TR1,unknown transformer,1,TRANSF3,
U1,sop-7-1.270mm,1,DP1801B,
U2,Pro_Micro,1,~,
U3,DIP-4_W7.62mm,1,EL817,
U4,DIP-6_W7.62mm,1,MOC3021M,
